commonName,isoName,alpha2,alpha3,numeric,comments
Afganistán,Afganistán,AF,AFG,004,
Åland,"Åland, Islas",AX,ALA,248,Es una provincia autónoma de Finlandia.
Albania,Albania,AL,ALB,008,
Alemania,Alemania,DE,DEU,276,Códigos obtenidos del idioma nativo (alemán): DeutschlandCódigos alfa usados por Alemania Occidental antes de la reunificación alemana en 1990.
Andorra,Andorra,AD,AND,020,
Angola,Angola,AO,AGO,024,
Anguila,Anguila,AI,AIA,660,
Antártida,Antártida,AQ,ATA,010,Cubre el territorio al sur del paralelo 60º sur.Códigos obtenidos del nombre en francés: Antarctique
Antigua y Barbuda,Antigua y Barbuda,AG,ATG,028,
Arabia Saudita,Arabia Saudita,SA,SAU,682,
Argelia,Argelia,DZ,DZA,012,Códigos obtenidos del idioma nativo (cabilio): Dzayer
Argentina,Argentina,AR,ARG,032,
Armenia,Armenia,AM,ARM,051,
Aruba,Aruba,AW,ABW,533,Forma parte del Reino de los Países Bajos.
Australia,Australia,AU,AUS,036,Incluye las Islas Ashmore y Cartier y las Islas del Mar del Coral.
Austria,Austria,AT,AUT,040,
Azerbaiyán,Azerbaiyán,AZ,AZE,031,
Bahamas,Bahamas (las),BS,BHS,044,
Bangladés,Bangladesh,BD,BGD,050,
Barbados,Barbados,BB,BRB,052,
Baréin,Bahrein,BH,BHR,048,
Bélgica,Bélgica,BE,BEL,056,
Belice,Belice,BZ,BLZ,084,
Benín,Benin,BJ,BEN,204,
Bermudas,Bermudas,BM,BMU,060,
Bielorrusia,Belarús,BY,BLR,112,"El nombre oficial del país es Belarús, aunque tradicionalmente se le sigue denominando Bielorrusia."
Bolivia,Bolivia (Estado Plurinacional de),BO,BOL,068,
"Bonaire, San Eustaquio y Saba","Bonaire, San Eustaquio y Saba",BQ,BES,535,Son tres municipios especiales que forman parte de los Países Bajos.
Bosnia y Herzegovina,Bosnia y Herzegovina,BA,BIH,070,
Botsuana,Botswana,BW,BWA,072,
Brasil,Brasil,BR,BRA,076,
Brunéi,Brunei Darussalam,BN,BRN,096,
Bulgaria,Bulgaria,BG,BGR,100,
Burkina Faso,Burkina Faso,BF,BFA,854,
Burundi,Burundi,BI,BDI,108,
Bután,Bhután,BT,BTN,064,
Cabo Verde,Cabo Verde,CV,CPV,132,
Camboya,Camboya,KH,KHM,116,Códigos obtenidos del anterior nombre: Khmer Republic (República Jemer)
Camerún,Camerún,CM,CMR,120,
Canadá,Canadá,CA,CAN,124,
Catar,Qatar,QA,QAT,634,
Chad,Chad,TD,TCD,148,Códigos obtenidos del nombre en francés: Tchad
Chile,Chile,CL,CHL,152,
China,China,CN,CHN,156,
Chipre,Chipre,CY,CYP,196,
Colombia,Colombia,CO,COL,170,
Comoras,Comoras (las),KM,COM,174,Códigos obtenidos del idioma nativo (comorense): Komori
Corea del Norte,Corea (la República Popular Democrática de),KP,PRK,408,
Corea del Sur,Corea (la República de),KR,KOR,410,
Costa de Marfil,Côte d'Ivoire,CI,CIV,384,Nombre oficial en la ISO en francés.
Costa Rica,Costa Rica,CR,CRI,188,Nombre oficial en la ISO en español.
Croacia,Croacia,HR,HRV,191,Códigos obtenidos del idioma nativo (croata): Hrvatska
Cuba,Cuba,CU,CUB,192,
Curazao,Curaçao,CW,CUW,531,Forma parte del Reino de los Países Bajos.
Dinamarca,Dinamarca,DK,DNK,208,
Dominica,Dominica,DM,DMA,212,
Ecuador,Ecuador,EC,ECU,218,
Egipto,Egipto,EG,EGY,818,
El Salvador,El Salvador,SV,SLV,222,Nombre oficial en la ISO en español.
Emiratos Árabes Unidos,Emiratos Árabes Unidos (los),AE,ARE,784,
Eritrea,Eritrea,ER,ERI,232,
Eslovaquia,Eslovaquia,SK,SVK,703,
Eslovenia,Eslovenia,SI,SVN,705,
España,España,ES,ESP,724,Códigos obtenidos del idioma nativo (español): España
Estados Unidos,Estados Unidos de América (los),US,USA,840,
Estonia,Estonia,EE,EST,233,Códigos obtenidos del idioma nativo (estonio): Eesti
Etiopía,Etiopía,ET,ETH,231,
Filipinas,Filipinas (las),PH,PHL,608,
Finlandia,Finlandia,FI,FIN,246,
Fiyi,Fiji,FJ,FJI,242,
Francia,Francia,FR,FRA,250,Incluye la Isla Clipperton.
Gabón,Gabón,GA,GAB,266,
Gambia,Gambia (la),GM,GMB,270,
Georgia,Georgia,GE,GEO,268,
Ghana,Ghana,GH,GHA,288,
Gibraltar,Gibraltar,GI,GIB,292,Pertenece al Reino Unido.
Granada,Granada,GD,GRD,308,
Grecia,Grecia,GR,GRC,300,
Groenlandia,Groenlandia,GL,GRL,304,Pertenece al Reino de Dinamarca.
Guadalupe,Guadeloupe,GP,GLP,312,Departamento de ultramar francés. Nombre oficial en la ISO en francés.
Guam,Guam,GU,GUM,316,Territorio no incorporado de los Estados Unidos.
Guatemala,Guatemala,GT,GTM,320,
Guayana Francesa,Guayana Francesa,GF,GUF,254,Departamento de ultramar francés.Códigos obtenidos del nombre en francés: Guyane française
Guernsey,Guernsey,GG,GGY,831,Una dependencia de la Corona británica.
Guinea,Guinea,GN,GIN,324,
Guinea-Bisáu,Guinea Bissau,GW,GNB,624,
Guinea Ecuatorial,Guinea Ecuatorial,GQ,GNQ,226,Códigos obtenidos del nombre en francés: Guinée équatoriale
Guyana,Guyana,GY,GUY,328,
Haití,Haití,HT,HTI,332,
Honduras,Honduras,HN,HND,340,
Hong Kong,Hong Kong,HK,HKG,344,Región administrativa especial de China.
Hungría,Hungría,HU,HUN,348,
India,India,IN,IND,356,
Indonesia,Indonesia,ID,IDN,360,
Irak,Iraq,IQ,IRQ,368,
Irán,Irán (República Islámica de),IR,IRN,364,
Irlanda,Irlanda,IE,IRL,372,
Isla Bouvet,"Bouvet, Isla",BV,BVT,074,Pertenece a Noruega.
Isla de Man,Isla de Man,IM,IMN,833,Una dependencia de la Corona británica.
Isla de Navidad,"Navidad, Isla de",CX,CXR,162,Pertenece a Australia.
Islandia,Islandia,IS,ISL,352,Códigos obtenidos del idioma nativo (islandés): Ísland
Islas Caimán,"Caimán, (las) Islas",KY,CYM,136,
Islas Cocos,"Cocos / Keeling, (las) Islas",CC,CCK,166,Pertenecen a Australia.
Islas Cook,"Cook, (las) Islas",CK,COK,184,
Islas Feroe,"Feroe, (las) Islas",FO,FRO,234,Pertenecen al Reino de Dinamarca.
Islas Georgias del Sur y Sandwich del Sur,Georgia del Sur (la) y las Islas Sandwich del Sur,GS,SGS,239,
Islas Heard y McDonald,Heard (Isla) e Islas McDonald,HM,HMD,334,Pertenecen a Australia.
Islas Malvinas (Falkland),"Malvinas [Falkland], (las) Islas",FK,FLK,238,Códigos obtenidos del nombre en (inglés): Falkland
Islas Marianas del Norte,"Marianas del Norte, (las) Islas",MP,MNP,580,Territorio no incorporado de los Estados Unidos.
Islas Marshall,"Marshall, (las) Islas",MH,MHL,584,
Islas Pitcairn,Pitcairn,PN,PCN,612,
Islas Salomón,"Salomón, Islas",SB,SLB,090,Códigos obtenidos de su anterior nombre: British Solomon Islands
Islas Turcas y Caicos,"Turcas y Caicos, (las) Islas",TC,TCA,796,
Islas Ultramarinas Menores de los Estados Unidos,Islas Ultramarinas Menores de los Estados Unidos (las),UM,UMI,581,"Comprende nueve áreas insulares menores de los Estados Unidos: Arrecife Kingman, Atolón Johnston, Atolón Palmyra, Isla Baker, Isla Howland, Isla Jarvis, Islas Midway, Isla de Navaza e Isla Wake."
Islas Vírgenes Británicas,"Vírgenes británicas, Islas",VG,VGB,092,
Islas Vírgenes Americanas,"Vírgenes de los Estados Unidos, Islas",VI,VIR,850,Territorio no incorporado de los Estados Unidos.
Israel,Israel,IL,ISR,376,
Italia,Italia,IT,ITA,380,
Jamaica,Jamaica,JM,JAM,388,
Japón,Japón,JP,JPN,392,
Jersey,Jersey,JE,JEY,832,Una dependencia de la Corona británica.
Jordania,Jordania,JO,JOR,400,
Kazajistán,Kazajstán,KZ,KAZ,398,
Kenia,Kenya,KE,KEN,404,
Kirguistán,Kirguistán,KG,KGZ,417,
Kiribati,Kiribati,KI,KIR,296,
Kuwait,Kuwait,KW,KWT,414,
Laos,"Lao, (la) República Democrática Popular",LA,LAO,418,
Lesoto,Lesotho,LS,LSO,426,
Letonia,Letonia,LV,LVA,428,
Líbano,Líbano,LB,LBN,422,
Liberia,Liberia,LR,LBR,430,
Libia,Libia,LY,LBY,434,
Liechtenstein,Liechtenstein,LI,LIE,438,
Lituania,Lituania,LT,LTU,440,
Luxemburgo,Luxemburgo,LU,LUX,442,
Macao,Macao,MO,MAC,446,Región administrativa especial de China.
Macedonia del Norte,Macedonia del Norte,MK,MKD,807,Ver: Disputa sobre el nombre de MacedoniaCódigos obtenidos del idioma nativo (macedonio): Makedonija
Madagascar,Madagascar,MG,MDG,450,
Malasia,Malasia,MY,MYS,458,
Malaui,Malawi,MW,MWI,454,
Maldivas,Maldivas,MV,MDV,462,
Malí,Malí,ML,MLI,466,
Malta,Malta,MT,MLT,470,
Marruecos,Marruecos,MA,MAR,504,Códigos obtenidos del nombre en francés: Maroc
Martinica,Martinique,MQ,MTQ,474,Departamento de ultramar francés. Nombre oficial en la ISO en francés.
Mauricio,Mauricio,MU,MUS,480,
Mauritania,Mauritania,MR,MRT,478,
Mayotte,Mayotte,YT,MYT,175,Departamento de ultramar francés.
México,México,MX,MEX,484,
Micronesia,Micronesia (Estados Federados de),FM,FSM,583,
Moldavia,Moldova (la República de),MD,MDA,498,
Mónaco,Mónaco,MC,MCO,492,
Mongolia,Mongolia,MN,MNG,496,
Montenegro,Montenegro,ME,MNE,499,
Montserrat,Montserrat,MS,MSR,500,
Mozambique,Mozambique,MZ,MOZ,508,
Birmania,Myanmar,MM,MMR,104,Anteriormente conocida como Birmania.
Namibia,Namibia,NA,NAM,516,
Nauru,Nauru,NR,NRU,520,
Nepal,Nepal,NP,NPL,524,
Nicaragua,Nicaragua,NI,NIC,558,
Níger,Níger (el),NE,NER,562,
Nigeria,Nigeria,NG,NGA,566,
Niue,Niue,NU,NIU,570,Asociado a Nueva Zelanda.
Isla Norfolk,"Norfolk, Isla",NF,NFK,574,Pertenece a Australia.
Noruega,Noruega,NO,NOR,578,
Nueva Caledonia,Nueva Caledonia,NC,NCL,540,
Nueva Zelanda,Nueva Zelandia,NZ,NZL,554,
Omán,Omán,OM,OMN,512,
Países Bajos,Países Bajos (los),NL,NLD,528,Forma parte del Reino de los Países Bajos.
Pakistán,Pakistán,PK,PAK,586,
Palaos,Palau,PW,PLW,585,
Palestina,"Palestina, Estado de",PS,PSE,275,Comprende los territorios de Cisjordania y Franja de Gaza.
Panamá,Panamá,PA,PAN,591,
Papúa Nueva Guinea,Papua Nueva Guinea,PG,PNG,598,
Paraguay,Paraguay,PY,PRY,600,
Perú,Perú,PE,PER,604,
Polinesia Francesa,Polinesia Francesa,PF,PYF,258,Códigos obtenidos del nombre en francés: Polynésie française
Polonia,Polonia,PL,POL,616,
Portugal,Portugal,PT,PRT,620,
Puerto Rico,Puerto Rico,PR,PRI,630,Territorio no incorporado de los Estados Unidos. Nombre oficial en la ISO en español.
Reino Unido,Reino Unido de Gran Bretaña e Irlanda del Norte (el),GB,GBR,826,"Debido a que para obtener los códigos ISO no se utilizan las palabras comunes de Reino y Unido, los códigos se han obtenido a partir del resto del nombre oficial."
República Árabe Saharaui Democrática,Sahara Occidental,EH,ESH,732,Nombre provisional. Anterior nombre en la ISO: Sahara españolCódigos obtenidos del anterior nombre en español
República Centroafricana,República Centroafricana (la),CF,CAF,140,
República Checa,Chequia,CZ,CZE,203,
República del Congo,Congo (el),CG,COG,178,
República Democrática del Congo,Congo (la República Democrática del),CD,COD,180,
República Dominicana,"Dominicana, (la) República",DO,DOM,214,
Reunión,Reunión,RE,REU,638,Departamento de ultramar francés.
Ruanda,Rwanda,RW,RWA,646,
Rumania,Rumania,RO,ROU,642,
Rusia,"Rusia, (la) Federación de",RU,RUS,643,
Samoa,Samoa,WS,WSM,882,Códigos obtenidos del anterior nombre: Western Samoa (Samoa Occidental)
Samoa Americana,Samoa Americana,AS,ASM,016,Territorio no incorporado de los Estados Unidos.
San Bartolomé,Saint Barthélemy,BL,BLM,652,Colectividad de ultramar francesa. Nombre oficial en la ISO en francés.
San Cristóbal y Nieves,Saint Kitts y Nevis,KN,KNA,659,
San Marino,San Marino,SM,SMR,674,
San Martín,Saint Martin (parte francesa),MF,MAF,663,Colectividad de ultramar francesa. Nombre oficial en la ISO en francés.
San Pedro y Miquelón,San Pedro y Miquelón,PM,SPM,666,Colectividad de ultramar francesa.
San Vicente y las Granadinas,San Vicente y las Granadinas,VC,VCT,670,
"Santa Elena, Ascensión y Tristán de Acuña","Santa Helena, Ascensión y Tristán de Acuña",SH,SHN,654,
Santa Lucía,Santa Lucía,LC,LCA,662,
Santo Tomé y Príncipe,Santo Tomé y Príncipe,ST,STP,678,
Senegal,Senegal,SN,SEN,686,
Serbia,Serbia,RS,SRB,688,"Códigos obtenidos de su nombre oficial: República de Serbia, en inglés."
Seychelles,Seychelles,SC,SYC,690,
Sierra Leona,Sierra leona,SL,SLE,694,
Singapur,Singapur,SG,SGP,702,
San Martín,Sint Maarten (parte neerlandesa),SX,SXM,534,Forma parte del Reino de los Países Bajos.Nombre oficial en neerlandés.
Siria,República Árabe Siria,SY,SYR,760,
Somalia,Somalia,SO,SOM,706,
Sri Lanka,Sri Lanka,LK,LKA,144,
Suazilandia,Swazilandia,SZ,SWZ,748,
Sudáfrica,Sudáfrica,ZA,ZAF,710,Códigos obtenidos del nombre en neerlandés: Zuid-Afrika
Sudán,Sudán (el),SD,SDN,729,
Sudán del Sur,Sudán del Sur,SS,SSD,728,
Suecia,Suecia,SE,SWE,752,
Suiza,Suiza,CH,CHE,756,Códigos obtenidos del nombre en latín: Confoederatio Helvetica
Surinam,Suriname,SR,SUR,740,
Svalbard y Jan Mayen,Svalbard y Jan Mayen,SJ,SJM,744,Comprende dos territorios árticos de Noruega: Svalbard y Jan Mayen.
Tailandia,Tailandia,TH,THA,764,
Taiwán (República de China),Taiwán (Provincia de China),TW,TWN,158,"Cubre la jurisdicción actual de la República de China (Taiwán), excepto Kinmen e Islas Matsu.La ONU considera a Taiwán como una provincia de China, debido a su estatus político."
Tanzania,"Tanzania, República Unida de",TZ,TZA,834,
Tayikistán,Tayikistán,TJ,TJK,762,
Territorio Británico del Océano Índico,Territorio Británico del Océano Índico (el),IO,IOT,086,
Tierras Australes y Antárticas Francesas,Tierras Australes Francesas (las),TF,ATF,260,Comprende las tierras australes y antárticas francesas excepto la parte incluida en la Antártida conocida como Tierra Adelia.Códigos obtenidos del nombre en francés: Terres australes françaises.
Timor Oriental,Timor-Leste,TL,TLS,626,Nombre oficial en la ISO en portugués.
Togo,Togo,TG,TGO,768,
Tokelau,Tokelau,TK,TKL,772,
Tonga,Tonga,TO,TON,776,
Trinidad y Tobago,Trinidad y Tobago,TT,TTO,780,
Túnez,Túnez,TN,TUN,788,
Turkmenistán,Turkmenistán,TM,TKM,795,
Turquía,Turquía,TR,TUR,792,
Tuvalu,Tuvalu,TV,TUV,798,
Ucrania,Ucrania,UA,UKR,804,
Uganda,Uganda,UG,UGA,800,
Uruguay,Uruguay,UY,URY,858,
Uzbekistán,Uzbekistán,UZ,UZB,860,
Vanuatu,Vanuatu,VU,VUT,548,
Ciudad del Vaticano,Santa Sede (la),VA,VAT,336,"La Santa Sede es la representante diplomática del Estado de la Ciudad del Vaticano ante la ONU y otros países y organismos internacionales, aunque jurídicamente se trata de entes distintos. Los códigos ISO se asignan a la Santa Sede como representante de este Estado, pero se refieren al territorio del Estado de la Ciudad del Vaticano."
Venezuela,Venezuela (República Bolivariana de),VE,VEN,862,
Vietnam,Viet Nam,VN,VNM,704,
Wallis y Futuna,Wallis y Futuna,WF,WLF,876,Colectividad de ultramar francesa.
Yemen,Yemen,YE,YEM,887,
Yibuti,Djibouti,DJ,DJI,262,
Zambia,Zambia,ZM,ZMB,894,
Zimbabue,Zimbabwe,ZW,ZWE,716,
